<?xml version="1.1" encoding="UTF-8"?>
<expression:EMFExpression xmi:version="2.0" xmlns:xmi="http://www.omg.org/XMI" xmlns:expression="http:///expression.ecore" id="tMap_1=>" expression="NomJour.getDayName(row1.DATE)">
  <variables name="row1.ORDER_LINE_ID" value="0" talendType="id_Integer"/>
  <variables name="row1.PRODUCT_ID" value="0" talendType="id_Integer"/>
  <variables name="row1.PRODUCT_QUANTITY" value="null" talendType="id_Integer" nullable="true"/>
  <variables name="row1.STATE" value="null" talendType="id_String" nullable="true"/>
  <variables name="row1.PRICE_UNIT" value="null" talendType="id_Double" nullable="true"/>
  <variables name="row1.PRICE_TOTALE" value="null" talendType="id_Double" nullable="true"/>
  <variables name="row1.DATE" value="null" talendType="id_Date"/>
  <variables name="row1.ORDER_ID" value="0" talendType="id_Integer"/>
  <variables name="row1.CURRENCY_ID" value="null" talendType="id_Integer" nullable="true"/>
  <variables name="row1.PARTNER_ID" value="null" talendType="id_Integer" nullable="true"/>
  <variables name="row1.SALESMAN_ID" value="null" talendType="id_Integer" nullable="true"/>
  <variables name="Numeric.sequence(&quot;s1&quot;,1,1) " value="0" talendType="id_Integer"/>
  <variables name="TalendDate.formatDate(&quot;yyyy&quot;,row1.DATE) " value="null" talendType="id_String"/>
  <variables name="TalendDate.formatDate(&quot;MM&quot;,row1.DATE) " value="null" talendType="id_String"/>
  <variables name="TalendDate.formatDate(&quot;dd&quot;,row1.DATE) " value="null" talendType="id_String"/>
  <variables name="TalendDate.formatDate(&quot;HH&quot;,row1.DATE) " value="null" talendType="id_String"/>
  <variables name="((TalendDate.getPartOfDate(&quot;MONTH&quot;,row1.DATE) >=6)? 2 : 1) " value="0" talendType="id_Integer"/>
  <variables name="((TalendDate.getPartOfDate(&quot;MONTH&quot;,row1.DATE)&lt;=3)? 1 :(&#xA;(TalendDate.getPartOfDate(&quot;MONTH&quot;,row1.DATE)&lt;=6)? 2 :(&#xA;(TalendDate.getPartOfDate(&quot;MONTH&quot;,row1.DATE)&lt;=9)? 3 :4)&#xA;)) " value="0" talendType="id_Integer"/>
  <variables name="MyDate.getMonthName(row1.DATE) " value="null" talendType="id_String"/>
  <variables name="NomJour.getDayName(&quot;row1.DATE&quot;) " value="null" talendType="id_String"/>
  <variables name="Saison.getSeason(row1.DATE) " value="null" talendType="id_String"/>
</expression:EMFExpression>
