<?xml version="1.1" encoding="UTF-8"?>
<expression:EMFExpression xmi:version="2.0" xmlns:xmi="http://www.omg.org/XMI" xmlns:expression="http:///expression.ecore" id="tMap_2=>" expression="Numeric.sequence(&quot;s1&quot;,1,1)">
  <variables name="row6.id_detail" value="0" talendType="id_Integer"/>
  <variables name="row6.id_order" value="0" talendType="id_Integer"/>
  <variables name="row6.id_product" value="0" talendType="id_Integer"/>
  <variables name="row6.product_quantity" value="0" talendType="id_Integer"/>
  <variables name="row6.product_reference" value="null" talendType="id_String"/>
  <variables name="row6.cost_price" value="0" talendType="id_Double"/>
  <variables name="row6.product_price" value="0" talendType="id_Double"/>
  <variables name="row6.id_customer" value="0" talendType="id_Integer"/>
  <variables name="row6.id_currency" value="0" talendType="id_Integer"/>
  <variables name="row6.id_address" value="0" talendType="id_Integer"/>
  <variables name="row6.state" value="null" talendType="id_String"/>
  <variables name="row6.date" value="null" talendType="id_Date"/>
  <variables name="row6.total_paid" value="0" talendType="id_Double"/>
</expression:EMFExpression>
